영업상태명,지번주소,사업장명
영업/정상,서울특별시 도봉구 창동 659-32 (지상2층) ,경원식당 쌍문역점
영업/정상,서울특별시 도봉구 창동 601-59,이가네바지락칼국수
영업/정상,서울특별시 도봉구 창동 135-12번지 ,훼미리
영업/정상,서울특별시 도봉구 창동 731-34 ,돼지제국
영업/정상,서울특별시 도봉구 창동 135-14번지 ,장수왕족발
영업/정상,서울특별시 도봉구 창동 135-14번지 ,페리카나
영업/정상,서울특별시 도봉구 창동 552-13번지 1층 ,묵고갈래솥뚜껑삼겹살
영업/정상,"서울특별시 도봉구 창동 10-3 세정빌딩 107,108,109호(지상1층)",토영자갈치곰장어
영업/정상,서울특별시 도봉구 창동 135-12번지 ,장수식당
영업/정상,서울특별시 도봉구 창동 135-14번지 ,맥켄치킨
영업/정상,서울특별시 도봉구 창동 568-2번지 지상1층 ,장원삼계탕
영업/정상,서울특별시 도봉구 창동 357-0번지 ,갯마을식당
영업/정상,서울특별시 도봉구 창동 655-1 ,반햇닭
영업/정상,서울특별시 도봉구 창동 553-28 ,행운
영업/정상,서울특별시 도봉구 창동 581-8 ,정주식당
영업/정상,서울특별시 도봉구 창동 502-26 ,플러스
영업/정상,서울특별시 도봉구 창동 6-0번지 콤마빌딩 107호,브롱스(BRONX)창동점
영업/정상,서울특별시 도봉구 창동 10-0 점보타운 1층 4호 ,뚱이네 호프
영업/정상,서울특별시 도봉구 창동 10-3 세정빌딩 ,의정부 부대찌게
영업/정상,서울특별시 도봉구 창동 12-1 영진빌딩 103호,압구정 찌개마을
영업/정상,서울특별시 도봉구 창동 715-62번지 1층 ,동해세수대야동태탕(창동점)
영업/정상,서울특별시 도봉구 창동 331-2 중앙빌딩107호 ,중앙호프
영업/정상,서울특별시 도봉구 창동 608-140번지 ,창동삼합
영업/정상,"서울특별시 도봉구 창동 651-51번지 지상2,3층 ",뚱보냉면
영업/정상,서울특별시 도봉구 창동 258-12번지 ,영자네곱창
영업/정상,서울특별시 도봉구 창동 12-2,가장맛있는족발
영업/정상,서울특별시 도봉구 창동 657-82번지 ,원조냉면
영업/정상,서울특별시 도봉구 창동 661-33번지 ,훈이네감자탕
영업/정상,서울특별시 도봉구 창동 569-98 (1층) ,강가네 마포숯불갈비
영업/정상,서울특별시 도봉구 창동 609-33번지 ,감나무집
영업/정상,서울특별시 도봉구 창동 635-5번지 (2층) ,화원
영업/정상,서울특별시 도봉구 창동 562-17번지 ,오대양식당
영업/정상,서울특별시 도봉구 창동 333-0번지 동방프라자 201호,제일식당
영업/정상,서울특별시 도봉구 창동 74-7번지 ,만랩커피창동역점
영업/정상,"서울특별시 도봉구 창동 10-1번지 1층 8호, 9호 ",북청식당
영업/정상,서울특별시 도봉구 창동 655-6 ,해로
영업/정상,서울특별시 도봉구 창동 501-20 ,메가엠지씨커피 창동신창점
영업/정상,서울특별시 도봉구 창동 6-0번지 콤마빌딩 104호,종로빈대떡
영업/정상,서울특별시 도봉구 창동 13-0번지 ,베를린호프
영업/정상,서울특별시 도봉구 창동 715-27 1층 ,전골집
영업/정상,서울특별시 도봉구 창동 135-12번지 ,사누끼
영업/정상,서울특별시 도봉구 창동 135-14번지 신성빌딩 107호 ,청진동해장국
영업/정상,서울특별시 도봉구 창동 715-32번지 지상1층 ,설담재 설렁탕
영업/정상,서울특별시 도봉구 창동 557-79 ,등촌샤브칼국수 창동점
영업/정상,서울특별시 도봉구 창동 135-12번지 지하1층 ,두메골
영업/정상,서울특별시 도봉구 창동 661-16번지 ,소담식당
영업/정상,서울특별시 도봉구 창동 581-28번지 삼익상가 지하동 5호,초롱이분식
영업/정상,서울특별시 도봉구 창동 581-55 지상1층 ,일성식당
영업/정상,서울특별시 도봉구 창동 582-7번지 ,찰진순대집
영업/정상,서울특별시 도봉구 창동 804번지 ,처갓집양념치킨(창동점)
영업/정상,서울특별시 도봉구 창동 557-79,솔이네 한식뷔페 한돈 돌판구이
영업/정상,"서울특별시 도봉구 창동 8-1번지 하나빌딩 105,106호",전주콩나물국밥
영업/정상,서울특별시 도봉구 창동 8-1번지 ,원조삼계탕
영업/정상,서울특별시 도봉구 창동 38-1번지 주공17단지 101호 (지상1층) ,처가집양념치킨 녹천점
영업/정상,서울특별시 도봉구 창동 134-36번지 ,덩어리창동
영업/정상,서울특별시 도봉구 창동 261-6번지 ,하루방 유황오리
영업/정상,서울특별시 도봉구 창동 5번지 다모아빌딩1층 110호,팔딱팔딱
영업/정상,서울특별시 도봉구 창동 608-159 지상1층 ,불맛나는 짬뽕(신향원)
영업/정상,서울특별시 도봉구 창동 650-54번지 지상1층 ,감나무골
영업/정상,서울특별시 도봉구 창동 8-1번지 ,남원추어탕
영업/정상,서울특별시 도봉구 창동 52-6번지 ,봉답식당
영업/정상,서울특별시 도봉구 창동 446-4 ,산도토리임자탕
영업/정상,서울특별시 도봉구 창동 700-33 ,피자헛 쌍문2호점
영업/정상,서울특별시 도봉구 창동 333-2번지 ,창동호프
영업/정상,서울특별시 도봉구 창동 593-20번지 106호,설궁
영업/정상,서울특별시 도봉구 창동 565-6,소양강닭갈비
영업/정상,서울특별시 도봉구 창동 505-5번지 ,초안골빈대떡
영업/정상,서울특별시 도봉구 창동 607-1번지 1층 ,송림순대집
영업/정상,서울특별시 도봉구 창동 659-28번지 ,비커스
영업/정상,서울특별시 도봉구 창동 715-29 ,등나무골
영업/정상,서울특별시 도봉구 창동 135-14,맥시칸 창동 노해로점
영업/정상,서울특별시 도봉구 창동 135-14번지 ,창동포크
영업/정상,서울특별시 도봉구 창동 569-77 ,소문난 순대국
영업/정상,서울특별시 도봉구 창동 562-1 ,은희족발
영업/정상,서울특별시 도봉구 창동 581-6 ,카페 나리지
영업/정상,서울특별시 도봉구 창동 26 동아아파트상가 지하1층 6호,옥담식당
영업/정상,서울특별시 도봉구 창동 731-55번지 ,창골생삼겹살
영업/정상,서울특별시 도봉구 창동 518-9번지 ,옛그집
영업/정상,서울특별시 도봉구 창동 826 북한산한신휴플러스상가 104동 106호,비비큐치킨창동점(BBQ치킨창동점)
영업/정상,"서울특별시 도봉구 창동 4번지 월드프라자,2층,201호,202호,203호 ",원할머니보쌈박가부대창동점
영업/정상,서울특별시 도봉구 창동 621-54번지 (지상1층) ,미락식당
영업/정상,서울특별시 도봉구 창동 337-1 ,(주)하누소
영업/정상,서울특별시 도봉구 창동 659-19번지 ,칸꼬시
영업/정상,서울특별시 도봉구 창동 659-9번지 지상1층 ,창동빈대떡
영업/정상,서울특별시 도봉구 창동 593-6 ,행복한밥상
영업/정상,서울특별시 도봉구 창동 134-5 ,리얼펍창동역점
영업/정상,서울특별시 도봉구 창동 38-5 주공17단지 일반상가 102호 ,녹천돼지갈비
영업/정상,서울특별시 도봉구 창동 557-99 ,키다리아찌
영업/정상,서울특별시 도봉구 창동 9-1번지 지상1층 2호,칠갑산
영업/정상,서울특별시 도봉구 창동 581-75번지 ,신송분식
영업/정상,서울특별시 도봉구 창동 347-1번지 창동주공3단지 아파트상가 ,하림멕시칸치킨
영업/정상,서울특별시 도봉구 창동 804번지 창동대우아파트상가 지하1층 3호,불암식당
영업/정상,서울특별시 도봉구 창동 446-3 지상1층 ,영자네 곱창 창동점
영업/정상,서울특별시 도봉구 창동 651-77 ,정직유부 쌍문점
영업/정상,서울특별시 도봉구 창동 657-44번지 ,꽃게랑아구찜
영업/정상,서울특별시 도봉구 창동 554-1번지 ,고창식당
영업/정상,서울특별시 도봉구 창동 4-0 지하1층 ,동양식당
영업/정상,서울특별시 도봉구 창동 10-2 ,명진닭갈비 한식뷔페
영업/정상,서울특별시 도봉구 창동 569-80 ,조마루감자탕 창동점
영업/정상,서울특별시 도봉구 창동 655-22번지 ,정금식당
영업/정상,서울특별시 도봉구 창동 519-18 지상1층 ,토담순대국
영업/정상,서울특별시 도봉구 창동 826 북한산한신휴플러스아파트 ,명인소곱창
영업/정상,서울특별시 도봉구 창동 373-1 주공4단지 제일만상가 가동102호 ,쿡&치킨클럽
영업/정상,서울특별시 도봉구 창동 12-3번지 지상1층 ,해신참치
영업/정상,서울특별시 도봉구 창동 659-32번지 ,김밥타운
영업/정상,서울특별시 도봉구 창동 553-16번지 지상1층 ,골목포차
영업/정상,서울특별시 도봉구 창동 746 ,맛있는 국수
영업/정상,서울특별시 도봉구 창동 5-1 킹프라자빌딩 203호 ,장모님집
영업/정상,서울특별시 도봉구 창동 655-27번지 지상1층 ,인성식당
영업/정상,서울특별시 도봉구 창동 12-1 영진빌딩 105호,싱싱회
영업/정상,서울특별시 도봉구 창동 320-1번지 상아프라자 101호 ,골목집
영업/정상,서울특별시 도봉구 창동 578-135 ,쌍문족발보쌈
영업/정상,서울특별시 도봉구 창동 581-3번지 지상1층 1동 4호,전통남원추어탕
영업/정상,서울특별시 도봉구 창동 562-5 ,훈이네분식
영업/정상,서울특별시 도봉구 창동 518-43번지 1층 ,세상만사
영업/정상,서울특별시 도봉구 창동 5 창동다모아빌딩 ,팔딱팔딱2
영업/정상,서울특별시 도봉구 창동 448-70 지상1층 ,치킨주막 창3동점
영업/정상,서울특별시 도봉구 창동 651-2번지 지상1층 ,은미호프
영업/정상,서울특별시 도봉구 창동 135-14번지 신성상가106호 ,리빠똥호프
영업/정상,서울특별시 도봉구 창동 5번지 지상2층 204호,홍어이야기
영업/정상,서울특별시 도봉구 창동 659-1번지 지상 ,포대포
영업/정상,서울특별시 도봉구 창동 596-19 지상1층 ,향원
영업/정상,서울특별시 도봉구 창동 1-10번지 농협하나로마트(지하1층) ,정식품
영업/정상,서울특별시 도봉구 창동 659-19 ,불닭발땡초동대문엽기떡볶이쌍문역점
영업/정상,서울특별시 도봉구 창동 635-42 건영아파트 상가 115호 ,파삼솥뚜껑삼겹살
영업/정상,서울특별시 도봉구 창동 333-2 한성빌딩 1층 12호,동호호프
영업/정상,서울특별시 도봉구 창동 6번지 콤마빌딩 109호 ,비비큐(BBQ)
영업/정상,서울특별시 도봉구 창동 578-32 지상1층 ,취하리
영업/정상,서울특별시 도봉구 창동 557-65번지 (1층) ,서용미곱창
영업/정상,서울특별시 도봉구 창동 552-45번지 1층 ,너추골
영업/정상,서울특별시 도봉구 창동 296-37번지 (1층) ,교촌치킨(창동점)
영업/정상,서울특별시 도봉구 창동 582-65 (지상1층) ,요리왕 본점
영업/정상,서울특별시 도봉구 창동 585-91 (1층) ,너랑나랑
영업/정상,서울특별시 도봉구 창동 6번지 콤마빌딩 106호 ,무궁화
영업/정상,서울특별시 도봉구 창동 543-5 외1필지 (1층),해두리치킨 창동점
영업/정상,서울특별시 도봉구 창동 601-15번지 (1층) ,노란주전자
영업/정상,"서울특별시 도봉구 창동 812번지 현대타운상가 189,190호 ",먹거리매니아
영업/정상,서울특별시 도봉구 창동 661-2 지하1층,대박식당
영업/정상,서울특별시 도봉구 창동 822 ,진해장국
영업/정상,서울특별시 도봉구 창동 10 외1필지(106호) ,푸라닭창4동점
영업/정상,서울특별시 도봉구 창동 568-2번지 ,교촌치킨
영업/정상,서울특별시 도봉구 창동 135-28 SR스타빌상가 119호,창동쏘스삼겹살
영업/정상,서울특별시 도봉구 창동 749 지상1층 ,완도찌개마을
영업/정상,서울특별시 도봉구 창동 651-79번지 (지상1층) ,박리분식
영업/정상,서울특별시 도봉구 창동 487-37번지 지상1층 ,맛나치킨
영업/정상,서울특별시 도봉구 창동 443-7번지 (지상1층) ,최고집
영업/정상,서울특별시 도봉구 창동 135-28번지 에스알스타빌 111호,부산오뎅
영업/정상,서울특별시 도봉구 창동 657-126번지 2층 ,솥뚜껑생생오리
영업/정상,서울특별시 도봉구 창동 545-2번지 ,황금칡냉면
영업/정상,서울특별시 도봉구 창동 74-12번지 (지상1층) ,미소야
영업/정상,서울특별시 도봉구 창동 254-30번지 창동그린(아) 104호 ,광해수산
영업/정상,서울특별시 도봉구 창동 254-35번지 지상1층 ,본죽&비빔밥 카페 창동점
영업/정상,"서울특별시 도봉구 창동 651-59 101,102호",목포항회세꼬시창동점
영업/정상,서울특별시 도봉구 창동 659-12 지하1층 ,다락방
영업/정상,서울특별시 도봉구 창동 557-5번지 ,호프할래?
영업/정상,서울특별시 도봉구 창동 560-4번지 ,공릉동닭한마리
영업/정상,서울특별시 도봉구 창동 812 현대타운아파트상가 152호,부티풀 (구)한우양곱창구이
영업/정상,서울특별시 도봉구 창동 659-16 ,글림
영업/정상,서울특별시 도봉구 창동 27-3 주공19단지상가 128호 ,또래오래 창동역점
영업/정상,서울특별시 도봉구 창동 812번지 현대타운아파트 ,짚신매운갈비찜쌍문점
영업/정상,서울특별시 도봉구 창동 657-111,육가
영업/정상,서울특별시 도봉구 창동 135-28번지 창동 에스알스타빌 112호 ,창동곱창포차
영업/정상,서울특별시 도봉구 창동 27-3번지 주공 19단지 상가 1층 105호 ,복돼지
영업/정상,서울특별시 도봉구 창동 593-20 ,시골집
영업/정상,서울특별시 도봉구 창동 635-42번지 건영A상가 103동 118호 ,멘야코노하
영업/정상,서울특별시 도봉구 창동 4 월드프라자 108호 ,치킨뱅이창동역점
영업/정상,"서울특별시 도봉구 창동 10-3 세정빌딩 101,102,103,104호 ",왕골감자탕
영업/정상,서울특별시 도봉구 창동 813번지 현대아파트상가 101 (지상1층) ,정거장숯불바베큐
영업/정상,서울특별시 도봉구 창동 134-36번지 (지하1층) ,"광동 辛 대구탕,뽈테기"
영업/정상,"서울특별시 도봉구 창동 805 동아그린아파트상가 206,207,208호 ",취바홉
영업/정상,서울특별시 도봉구 창동 331-2번지 중앙빌딩106호 ,빈대떡신사
영업/정상,서울특별시 도봉구 창동 621-4번지 노블캐슬상가 106호,네바다횟집
영업/정상,서울특별시 도봉구 창동 715-3번지 미소애아파트상가 112호 ,차돌집
영업/정상,서울특별시 도봉구 창동 657-126번지 (지상1층) ,대동원회시장
영업/정상,서울특별시 도봉구 창동 448-74 (지상1층) ,서래왕차돌
영업/정상,서울특별시 도봉구 창동 543-7 (지상1층) ,한잔할까
영업/정상,서울특별시 도봉구 창동 4번지 월드프라자 107호 ,호호포차
영업/정상,서울특별시 도봉구 창동 647-1 북한산홈시티 201동 103호 ,# 로그인
영업/정상,서울특별시 도봉구 창동 5 창동다모아빌딩 ,정산포뻘낙지
영업/정상,서울특별시 도봉구 창동 518-42번지 (지상1층) ,김밥하우스
영업/정상,서울특별시 도봉구 창동 750-2번지 창동리더스빌딩 106호,치킨홀릭
영업/정상,서울특별시 도봉구 창동 254-30 102호 (지상1층) ,국수나무 창동점
영업/정상,"서울특별시 도봉구 창동 27-3번지 주공19단지상가 133호,140호 ",2009 미스터 떡볶이
영업/정상,서울특별시 도봉구 창동 657-131 지상1층 ,인생극장(쌍문역점)
영업/정상,서울특별시 도봉구 창동 254-30 창동그린아파트상가 103호,호운소곱창
영업/정상,서울특별시 도봉구 창동 453-1번지 1층 ,신창족발
영업/정상,서울특별시 도봉구 창동 9번지 한국빌딩(지상1층) ,아바이토종순대국
영업/정상,서울특별시 도봉구 창동 659-36번지 덕천빌딩 101호 ,창동순대국
영업/정상,"서울특별시 도봉구 창동 320-1 상아프라자 제110호,제112호,제113호 ",정情 가네
영업/정상,서울특별시 도봉구 창동 541번지 (지상1층) ,남도가든
영업/정상,서울특별시 도봉구 창동 655-13번지 지상1층 ,본가  솥뚜껑 생 삼겹살
영업/정상,서울특별시 도봉구 창동 341 도봉빌리지상가 102동 104호,도봉마루
영업/정상,서울특별시 도봉구 창동 647-1 북한산현대홈시티 상가201동 108호 (지상1층) ,심서방네
영업/정상,서울특별시 도봉구 창동 10-2 (지상1층) ,힘찬장어
영업/정상,서울특별시 도봉구 창동 9-0번지 지상1층 북측 ,화통소금구이
영업/정상,서울특별시 도봉구 창동 655-14번지 지상1층 ,무진풍천장어
영업/정상,서울특별시 도봉구 창동 557-58 지상2층,양지커피호프
영업/정상,서울특별시 도봉구 창동 296-37번지 (지하1층) ,아리수
영업/정상,서울특별시 도봉구 창동 569-78번지 ,명가네 순대국
영업/정상,서울특별시 도봉구 창동 585-83번지 지상1층 ,참나무장작구이
영업/정상,서울특별시 도봉구 창동 135-28번지 에스알스타빌 113호,대세노가리
영업/정상,서울특별시 도봉구 창동 341번지 동진빌리지상가 101동 101호,남원추어탕
영업/정상,서울특별시 도봉구 창동 500-0번지 1층 다호 ,칼국수랑 돼지나라
영업/정상,서울특별시 도봉구 창동 288-7,대관령 감자 옹심이
영업/정상,서울특별시 도봉구 창동 541-2번지 지상1층 ,복호프치킨
영업/정상,서울특별시 도봉구 창동 27-3 주공19단지 종합상가 지하 14호 ,맛나식당
영업/정상,서울특별시 도봉구 창동 655-3 ,노랑통닭 쌍문역점
영업/정상,서울특별시 도봉구 창동 38-1번지 주공아파트17단지복합상가 212호(지상2층) ,금희네삼겹살
영업/정상,서울특별시 도봉구 창동 518-43번지 ,바른생활 맥주집
영업/정상,서울특별시 도봉구 창동 75-13번지 지하1층 ,더블유바
영업/정상,서울특별시 도봉구 창동 38-1번지 주공17단지 상가 209호 ,장터국수
영업/정상,서울특별시 도봉구 창동 585-72번지 ,영자네
영업/정상,서울특별시 도봉구 창동 296-17번지 ,153꼬끼오왕닭갈비
영업/정상,서울특별시 도봉구 창동 657-83 지상1층 ,겨리
영업/정상,서울특별시 도봉구 창동 632-25 지상1층 ,우리집김밥
영업/정상,서울특별시 도봉구 창동 657-14번지 지상1층 ,광장포차
영업/정상,"서울특별시 도봉구 창동 819-0 창동데시앙아파트 상가동 109호,110호 ",굽네치킨(창2동점)
영업/정상,서울특별시 도봉구 창동 261-6번지 102호 (지상1층) ,진영칼국수해물찜
영업/정상,서울특별시 도봉구 창동 181-46번지 플러스 오피스텔 ,참생고기집
영업/정상,서울특별시 도봉구 창동 13번지 제1층3호 ,이디야
영업/정상,서울특별시 도봉구 창동 557-99번지 (지하1층) ,뉴욕
영업/정상,서울특별시 도봉구 창동 552-18번지 1층 ,풍년식당
영업/정상,서울특별시 도봉구 창동 27-3 19단지종합상가 125호,굽네치킨
영업/정상,서울특별시 도봉구 창동 6-1 타워빌딩2층 202호,무지개맥주
영업/정상,서울특별시 도봉구 창동 562-23번지 ,민주네곱창
영업/정상,서울특별시 도봉구 창동 569-124번지 ,비어스토리
영업/정상,서울특별시 도봉구 창동 655-12번지 ,신의주찹쌀순대
영업/정상,서울특별시 도봉구 창동 258-11번지 (1층2호) ,치킨 매니아
영업/정상,서울특별시 도봉구 창동 657-137번지 지상1층 ,호프왕노가리
영업/정상,서울특별시 도봉구 창동 581-1번지 ,토담골
영업/정상,서울특별시 도봉구 창동 647-1번지 현대홈시티 201동 110호,창동조개일번지
영업/정상,서울특별시 도봉구 창동 659-24번지 (지상1층) ,성지칼국수
영업/정상,서울특별시 도봉구 창동 585-141번지 지상1층 ,신창빈대떡
영업/정상,서울특별시 도봉구 창동 449-86번지 제1호 ,창골멸치국수
영업/정상,서울특별시 도봉구 창동 813번지 1층 상가동동 ,멸치국수
영업/정상,서울특별시 도봉구 창동 650-30 (지상1층),버거리 쌍문점
영업/정상,서울특별시 도봉구 창동 26번지 동아아파트상가 지상1층 30호,쉐프마인드
영업/정상,서울특별시 도봉구 창동 518-16번지 ,늘해랑
영업/정상,"서울특별시 도봉구 창동 4번지 월드프라자 101,103,104호 ",찌마기창동점
영업/정상,서울특별시 도봉구 창동 74-25번지 지하1층 ,마쯔무라돈까스
영업/정상,서울특별시 도봉구 창동 74-6 지상1층,간빠이 창동역점 & 순대일번지 창동역점
영업/정상,서울특별시 도봉구 창동 826번지 북한산 한신휴플러스 아파트 104동 101호,해피돈
영업/정상,서울특별시 도봉구 창동 651-4번지 ,산전수전
영업/정상,서울특별시 도봉구 창동 621-1번지 ,민들레김밥과분식
영업/정상,서울특별시 도봉구 창동 623-31 ,창골감자탕
영업/정상,서울특별시 도봉구 창동 6번지 콤마빌딩 1층8호 ,월하
영업/정상,서울특별시 도봉구 창동 659-1 ,면장
영업/정상,서울특별시 도봉구 창동 566번지 ,맛나분식
영업/정상,서울특별시 도봉구 창동 651-13번지 1층 ,처음처럼
영업/정상,서울특별시 도봉구 창동 608-161번지 ,칙코리아
영업/정상,서울특별시 도봉구 창동 568-15번지 ,저팔계 사람잡네
영업/정상,서울특별시 도봉구 창동 578-51 지상1층 ,민이네식당
영업/정상,서울특별시 도봉구 창동 655-5번지 지상1층 ,전초전
영업/정상,서울특별시 도봉구 창동 650-49번지 ,도넛스토리
영업/정상,서울특별시 도봉구 창동 27-3 19단지종합상가 127호,악어빵집
영업/정상,서울특별시 도봉구 창동 552-4 1층 ,다인
영업/정상,서울특별시 도봉구 창동 492-31 1층 ,자담치킨초안산신창점
영업/정상,서울특별시 도봉구 창동 655-24 ,유안참치
영업/정상,서울특별시 도봉구 창동 134-11번지 ,창동식당
영업/정상,서울특별시 도봉구 창동 552-72번지 1층 ,왕노가리
영업/정상,서울특별시 도봉구 창동 750 ,삿뽀로 창동점 (주)엔타스
영업/정상,"서울특별시 도봉구 창동 750 3,4층 ",경복궁창동점(주)엔타스
영업/정상,서울특별시 도봉구 창동 621-11 제1층 ,꿀고기집
영업/정상,서울특별시 도봉구 창동 491-9번지 1층 ,전주식당
영업/정상,서울특별시 도봉구 창동 826 북한산한신휴플러스 104동 107호,소통애(창동직영점)
영업/정상,서울특별시 도봉구 창동 454-1번지 1층 ,북새통
영업/정상,서울특별시 도봉구 창동 657-126번지 ,창신동매운
영업/정상,서울특별시 도봉구 창동 552-61번지 1층 ,모래섬
영업/정상,서울특별시 도봉구 창동 569-86번지 ,홍두깨손칼국수
영업/정상,서울특별시 도봉구 창동 593-9 가동2층 ,자매보리밥1
영업/정상,서울특별시 도봉구 창동 608-80 1층 ,고향집
영업/정상,서울특별시 도봉구 창동 750-2 창동리더스빌딩 109호,명가김밥
영업/정상,"서울특별시 도봉구 창동 333-2 한성빌딩 2층 2,3,4호",쌈촌창동역점
영업/정상,서울특별시 도봉구 창동 657-152 2층 ,존맛소곱창
영업/정상,서울특별시 도봉구 창동 562-3 1층 ,"솔,호프"
영업/정상,서울특별시 도봉구 창동 341번지 동진빌리지 상가101동 103호,남경
영업/정상,서울특별시 도봉구 창동 817 수산트리플아파트 상가동 1층 ,우설 삼겹집
영업/정상,서울특별시 도봉구 창동 134-2번지 1층 ,신의주찹쌀순대
영업/정상,서울특별시 도봉구 창동 134-36 외 6필지 우림빌딩 2층,금문(金門)중화요리
영업/정상,서울특별시 도봉구 창동 651-14 1층 ,이수김밥과분식
영업/정상,서울특별시 도봉구 창동 568-16 1층 ,치킨연가
영업/정상,서울특별시 도봉구 창동 582-50 1층 ,서울마님죽신창시장점
영업/정상,서울특별시 도봉구 창동 647-1번지 북한산현대홈시티 201동 101호,주우마이
영업/정상,서울특별시 도봉구 창동 537-1번지 1층 ,논두렁
영업/정상,서울특별시 도봉구 창동 581-71번지 지상1층 ,아토
영업/정상,서울특별시 도봉구 창동 254-20번지 외1필지 하이빌 1층 102호 ,창동 닭한마리
영업/정상,서울특별시 도봉구 창동 565-7 지상1층 ,길옆호프
영업/정상,서울특별시 도봉구 창동 657-138 지상1층 101호,어쭈구리
영업/정상,"서울특별시 도봉구 창동 74-5 외2필지, 지상1층 ",종로김밥
영업/정상,"서울특별시 도봉구 창동 5번지 다모아빌딩 102,103호 ",박순남의오시는족족
영업/정상,서울특별시 도봉구 창동 655-20번지 홍일빌딩 211호,락궁
영업/정상,서울특별시 도봉구 창동 487-1번지 지상1층 ,흥부네뒷고기
영업/정상,서울특별시 도봉구 창동 655-22 지상1층 ,맥반석조개구이
영업/정상,서울특별시 도봉구 창동 552-44 ,BHC치킨창2동점
영업/정상,서울특별시 도봉구 창동 333-2번지 한성빌딩 104호,스시황
영업/정상,서울특별시 도봉구 창동 655-10 지상1층 ,육미면가
영업/정상,서울특별시 도봉구 창동 442-20 ,매일푸드
영업/정상,서울특별시 도봉구 창동 547-59 지상1층,달빛아래술한잔
영업/정상,"서울특별시 도봉구 창동 749-16번지 한독패밀리타운, 지상1층 ",BHC치킨창동아이파크점
영업/정상,서울특별시 도봉구 창동 8-1 하나빌딩 지상2층 201호,차이나짬뽕
영업/정상,"서울특별시 도봉구 창동 254-20 하이빌. 지상1층, 101호 ",남원전통추어탕
영업/정상,"서울특별시 도봉구 창동 621-4번지 노블캐슬오피스텔, 지상1층 102호",원빈
영업/정상,서울특별시 도봉구 창동 75-4 지상1층 102호,창동수유리우동집
영업/정상,서울특별시 도봉구 창동 608-142,아치떡
영업/정상,서울특별시 도봉구 창동 258-11 상아빌라 1호,신전떡볶이
영업/정상,"서울특별시 도봉구 창동 826 한신휴플러스상가,102호,103호 104동 ",누구나홀딱반한닭
영업/정상,서울특별시 도봉구 창동 4번지 월드프라자 205호,맥주창고
영업/정상,서울특별시 도봉구 창동 4번지 월드프라자 1층5호 ,메가엠지씨커피 창동역점
영업/정상,서울특별시 도봉구 창동 655-22번지 지상1층 ,영산포홍어
영업/정상,서울특별시 도봉구 창동 650-47 지상1층,정성을 파는 가게
영업/정상,서울특별시 도봉구 창동 655-21번지 지상1층 안강프라자 102호 일부 ,날아온춘천닭갈비
영업/정상,서울특별시 도봉구 창동 650-47번지 지상1층 ,누나홀닭쌍문역점
영업/정상,서울특별시 도봉구 창동 553-3번지 지상1층 ,로망스
영업/정상,서울특별시 도봉구 창동 647-1번지 북한산현대홈시티 201동 111호,행복포차
영업/정상,서울특별시 도봉구 창동 813번지 현대아파트 상가동 지상2층 201호,카페오븐(cafe oven)
영업/정상,서울특별시 도봉구 창동 581-71번지 지상2층 ,낙지애가
영업/정상,서울특별시 도봉구 창동 578-174 지상1층 ,영동푸드
영업/정상,서울특별시 도봉구 창동 502-21 지상1층 ,리틀포레스트
영업/정상,서울특별시 도봉구 창동 731-58 지상1층 ,청담 설렁탕&순대국(창동본점)
영업/정상,"서울특별시 도봉구 창동 13-2 이큐빌딩 지상2층 204,205호 ",왕차이
영업/정상,서울특별시 도봉구 창동 655-6 지상1층 좌측 ,꿍탕
영업/정상,"서울특별시 도봉구 창동 7번지 창동월가타워 102,103호 ",백번가(百番可)코다리
영업/정상,서울특별시 도봉구 창동 134-36번지 지상1층 ,육쌈냉면 창동점
영업/정상,서울특별시 도봉구 창동 826 북한산한신휴플러스 104동 108호,제주애육당
영업/정상,"서울특별시 도봉구 창동 7 월가타워, 지상1층 101호",한솔갈비
영업/정상,서울특별시 도봉구 창동 74-25 지상2층 ,창동짬뽕
영업/정상,서울특별시 도봉구 창동 338번지 신원리베르텔 지상1층 109호,고봉민김밥인
영업/정상,서울특별시 도봉구 창동 26번지 동아아파트상가 103호,피자애 창동점
영업/정상,서울특별시 도봉구 창동 650-4번지 지상1층 ,구석집
영업/정상,서울특별시 도봉구 창동 45번지 삼성래미안아파트 상가2동 B05호,삼성먹거리식당
영업/정상,서울특별시 도봉구 창동 262-6 명성빌딩 1층 ,블랙베어(BLACK BEAR)
영업/정상,서울특별시 도봉구 창동 609-148 ,꼬꼬스토리
영업/정상,서울특별시 도봉구 창동 518-6번지 지상1층 ,홍반장
영업/정상,서울특별시 도봉구 창동 13 유진빌딩 1층 6호,창고을만두
영업/정상,서울특별시 도봉구 창동 6 ,늘
영업/정상,서울특별시 도봉구 창동 661-80 1층 ,오성식당
영업/정상,서울특별시 도봉구 창동 6번지 1층 5호,와우 왕십리곱창
영업/정상,서울특별시 도봉구 창동 655-10 지상1층,후타츠
영업/정상,서울특별시 도봉구 창동 288-40번지 ,스시안
영업/정상,서울특별시 도봉구 창동 543-7번지 1층 ,깨순이네포차
영업/정상,서울특별시 도봉구 창동 647-1 북한산현대홈시티 1층 201동 104호,용추골 순대
영업/정상,서울특별시 도봉구 창동 552-22 1층 ,돈치킨 창동점
영업/정상,서울특별시 도봉구 창동 529-16번지 지하1층 ,양지식당
영업/정상,"서울특별시 도봉구 창동 12-1번지 영진빌딩 106,107,108호 ",족발야시장 창동역점
영업/정상,서울특별시 도봉구 창동 442-48 1층 ,이치돈까스
영업/정상,서울특별시 도봉구 창동 658-49 ,쌍문동커피(쌍커)
영업/정상,서울특별시 도봉구 창동 338번지 신원리베르텔 106호,서종냉면
영업/정상,"서울특별시 도봉구 창동 14번지 창동씨티월드 101,102호 ",밀숲(창동점)
영업/정상,서울특별시 도봉구 창동 700-27 ,도봉관
영업/정상,서울특별시 도봉구 창동 651-5 1층 ,파스타 잇
영업/정상,서울특별시 도봉구 창동 296-7 1층 ,호식이두마리치킨 창동점
영업/정상,서울특별시 도봉구 창동 338번지 신원리베르텔 1층 117호,즐거운술상
영업/정상,서울특별시 도봉구 창동 715-3 미소애아파트 104호,옆집떡볶이 쌍문점
영업/정상,서울특별시 도봉구 창동 585-141번지 1층 ,유나네후다닭통닭
영업/정상,서울특별시 도봉구 창동 655-24 1층 ,귀한족발
영업/정상,서울특별시 도봉구 창동 487-27번지 1층 ,동대문곱순이네곱창
영업/정상,서울특별시 도봉구 창동 14 창동씨티월드 ,방콕스토리
영업/정상,서울특별시 도봉구 창동 581-7번지 ,낙지랑아구랑
영업/정상,서울특별시 도봉구 창동 651-64번지 1층 ,트라토리아 진
영업/정상,서울특별시 도봉구 창동 661-32번지 외 2필지 ,춘천닭갈비
영업/정상,서울특별시 도봉구 창동 824 한승미메이드A 상가동 101호,짝태앤노가리 창동점
영업/정상,서울특별시 도봉구 창동 262-18번지 지층 B01호,찰리네맥주집 창동역점
영업/정상,서울특별시 도봉구 창동 75-1번지 지하1층 ,병장부대찌개
영업/정상,서울특별시 도봉구 창동 828 성우스타팰리스 2단지상가 204동 102호,블루밍
영업/정상,서울특별시 도봉구 창동 655-23 1층,미스터빽실장
영업/정상,서울특별시 도봉구 창동 13-2번지 EQ빌딩 105호,창동역 통닭과 노가리
영업/정상,서울특별시 도봉구 창동 601-36 1층 ,원샷비어
영업/정상,서울특별시 도봉구 창동 74-4 1층,라온포차
영업/정상,서울특별시 도봉구 창동 296-3번지 지하1층 ,강명수아저씨네
영업/정상,서울특별시 도봉구 창동 650-28 1층,스시혼
영업/정상,서울특별시 도봉구 창동 3-3번지 108호,원조돈곱창
영업/정상,서울특별시 도봉구 창동 659-32번지 1층 ,창동생선구이
영업/정상,서울특별시 도봉구 창동 650-1번지 지하1층 ,알에이(RA)
영업/정상,서울특별시 도봉구 창동 655-1 ,육회 바른 연어 쌍문점
영업/정상,서울특별시 도봉구 창동 676-78,창동육칼
영업/정상,서울특별시 도봉구 창동 562-3 1층 105호,고모네 포차
영업/정상,서울특별시 도봉구 창동 578-158 ,청춘꼬마김밥 창동점
영업/정상,서울특별시 도봉구 창동 749-16 ,삼화식당
영업/정상,서울특별시 도봉구 창동 676-13 ,빛고을 흑염소
영업/정상,서울특별시 도봉구 창동 562-1 ,가츠가츠
영업/정상,서울특별시 도봉구 창동 676-77,쿠키포키
영업/정상,서울특별시 도봉구 창동 9번지 ,김복남맥주 창동점
영업/정상,서울특별시 도봉구 창동 623-38 1층,창동 쿠리야
영업/정상,서울특별시 도봉구 창동 662-92번지 1층 ,카페알로
영업/정상,서울특별시 도봉구 창동 674-13 ,톤톤
영업/정상,서울특별시 도봉구 창동 443-8 ,먹고을밥상
영업/정상,서울특별시 도봉구 창동 135-28번지 창동SR스타빌 110호,골목집 조개찜
영업/정상,서울특별시 도봉구 창동 731-72 ,토핑폭탄김치찜&김치찌개 쌍문점
영업/정상,서울특별시 도봉구 창동 676-26 ,더(The)
영업/정상,서울특별시 도봉구 창동 569-85번지 ,메가커피(신창시장점)
영업/정상,서울특별시 도봉구 창동 657-95,60계 서울쌍문점
영업/정상,서울특별시 도봉구 창동 582-61번지 1층 ,뚱땡이김밥
영업/정상,서울특별시 도봉구 창동 822번지 창동대림아파트 ,맘스터치
영업/정상,서울특별시 도봉구 창동 219-5번지 105호,등촌샤브칼국수
영업/정상,서울특별시 도봉구 창동 4번지 월드프라자 106호,을지로골뱅이
영업/정상,서울특별시 도봉구 창동 296-15 ,토스트유
영업/정상,서울특별시 도봉구 창동 651-77번지 ,품바네
영업/정상,서울특별시 도봉구 창동 33-3 ,비에이치씨(BHC)창동행복점
영업/정상,서울특별시 도봉구 창동 804 창동대우아파트 상가 155호,카페보다
영업/정상,서울특별시 도봉구 창동 715-14번지 ,(주)씨네그릴
영업/정상,서울특별시 도봉구 창동 10 105호,숯불구이 전문점(낭만)
영업/정상,서울특별시 도봉구 창동 134-36 우림빌딩 114호,봉구비어
영업/정상,서울특별시 도봉구 창동 826 북한산한신휴플러스아파트 104동 104호,계화가
영업/정상,서울특별시 도봉구 창동 657-142번지 지하1층 ,리틀방콕쌍문점
영업/정상,서울특별시 도봉구 창동 286-10 1층,창동두리네순대곱창
영업/정상,서울특별시 도봉구 창동 269-4번지 ,꿀소담
영업/정상,서울특별시 도봉구 창동 731-13번지 지하1층 ,한우투뿔스테이크하우스
영업/정상,서울특별시 도봉구 창동 560-44 ,소담포차
영업/정상,서울특별시 도봉구 창동 651-13번지 1층 ,통큰묵은지찜
영업/정상,서울특별시 도봉구 창동 581-76번지 1층 2-3호,맛나당
영업/정상,서울특별시 도봉구 창동 657-88번지 1층 ,도봉로112길칼국수돈까스
영업/정상,서울특별시 도봉구 창동 812번지 현대타운아파트 101동 102호,맛깔참죽 쌍문역점
영업/정상,서울특별시 도봉구 창동 268-6 1층 ,피자스쿨창5동점
영업/정상,서울특별시 도봉구 창동 6-1 101-1호,십년한우실비집
영업/정상,서울특별시 도봉구 창동 623-33 ,88옛날통닭 신창점
영업/정상,서울특별시 도봉구 창동 338 신원리베르텔 ,오섭생연구소
영업/정상,서울특별시 도봉구 창동 333-2번지 한성빌딩 107호,셀라
영업/정상,서울특별시 도봉구 창동 700-29 2층,송도갈비 수라간 창동점 (주)신화푸드
영업/정상,서울특별시 도봉구 창동 700-29 VIPS 창동점,송도갈비 영빈관 창동점 (주)신화푸드
영업/정상,서울특별시 도봉구 창동 557-9 1층,남원정통추어탕
영업/정상,서울특별시 도봉구 창동 630-5번지 101동 101호일부 ,피자나라치킨공주(창동점)
영업/정상,서울특별시 도봉구 창동 608-77번지 1층 ,곱창김가네
영업/정상,서울특별시 도봉구 창동 14-4 102호,팝치킨
영업/정상,서울특별시 도봉구 창동 562-10번지 1층 ,명품찌개찜
영업/정상,서울특별시 도봉구 창동 659-9번지 1층 ,쌍문동차돌집
영업/정상,서울특별시 도봉구 창동 659-31번지 1층 ,대한해물찜탕
영업/정상,서울특별시 도봉구 창동 828번지 성우스타팰리스 2단지 204동 101호,도참치
영업/정상,서울특별시 도봉구 창동 651-31 1층 ,딥 코브 (DEEP COVE)
영업/정상,서울특별시 도봉구 창동 26번지 동아아파트 ,쉐마
영업/정상,서울특별시 도봉구 창동 7 창동월가타워 104호,봉구스밥버거 앤 텐더크래커
영업/정상,서울특별시 도봉구 창동 651-5 1층,구월십일
영업/정상,서울특별시 도봉구 창동 134-22번지 ,매그넘
영업/정상,서울특별시 도봉구 창동 12번지 1층 ,두레마을우동집
영업/정상,서울특별시 도봉구 창동 651-2 1층 ,이가네미나리삼겹
영업/정상,서울특별시 도봉구 창동 296-7번지 1층 ,광어15000
영업/정상,서울특별시 도봉구 창동 657-56 1층 ,유크리
영업/정상,서울특별시 도봉구 창동 13번지 201호,생활맥주 창동역점
영업/정상,서울특별시 도봉구 창동 516-5 101호,서울회관
영업/정상,서울특별시 도봉구 창동 569-3번지 1층 ,옛날통닭
영업/정상,서울특별시 도봉구 창동 661-38 101호,맘스터치 쌍문역점
영업/정상,서울특별시 도봉구 창동 14번지 창동시티월드 104호,본죽&비빔밥카페 창4동점
영업/정상,서울특별시 도봉구 창동 134-11번지 ,창동숯불돼지갈비
영업/정상,서울특별시 도봉구 창동 1-10번지 농협창동유통센타 ,채선당행복가마솥밥 창동점
영업/정상,서울특별시 도봉구 창동 503-3번지 1층 ,초밥이야기
영업/정상,서울특별시 도봉구 창동 674-32번지 ,번지없는주막
영업/정상,서울특별시 도봉구 창동 655-1 2층 ,행복한양
영업/정상,서울특별시 도봉구 창동 715-27,명인갈비 창동점
영업/정상,서울특별시 도봉구 창동 559-5 ,황제정육식당
영업/정상,서울특별시 도봉구 창동 647-1번지 북한산현대홈시티 ,공감호프 치킨&골뱅이
영업/정상,서울특별시 도봉구 창동 731-34번지 ,포유
영업/정상,서울특별시 도봉구 창동 14번지 창동시티월드 ,코토코토
영업/정상,서울특별시 도봉구 창동 60-4 ,88옛날통닭 창동점
영업/정상,서울특별시 도봉구 창동 292-5 ,영철아
영업/정상,서울특별시 도봉구 창동 657-30 ,자매식당
영업/정상,서울특별시 도봉구 창동 135-26 창동EMART ,홍대쌀국수(이마트창동점)
영업/정상,서울특별시 도봉구 창동 657-118 ,동네식당
영업/정상,서울특별시 도봉구 창동 667-27 1층,나드리슈니첼
영업/정상,서울특별시 도봉구 창동 291-47 1층 ,응급실국물떡볶이 서울창동역점
영업/정상,서울특별시 도봉구 창동 632-61번지 ,모모
영업/정상,서울특별시 도봉구 창동 338번지 신원리베르텔 202~4호,한스친친
영업/정상,서울특별시 도봉구 창동 581-29 1층 ,내사랑호프
영업/정상,서울특별시 도봉구 창동 657-118 1층 ,간판이 쌀국수
영업/정상,서울특별시 도봉구 창동 74-5번지 ,라화쿵부창동역점
영업/정상,서울특별시 도봉구 창동 10번지 2층 2호,수다방
영업/정상,서울특별시 도봉구 창동 504-10번지 ,88켄터키창동점
영업/정상,서울특별시 도봉구 창동 135-26 창동EMART ,(잇팅)엄마밥상
영업/정상,서울특별시 도봉구 창동 578-46번지 ,동숭감자탕 신창시장점
영업/정상,서울특별시 도봉구 창동 731-59 ,자담치킨 창동점
영업/정상,서울특별시 도봉구 창동 621-4번지 노블캐슬오피스텔 ,갓치킨쌍문역점
영업/정상,서울특별시 도봉구 창동 578-45번지 ,족돈&족참
영업/정상,서울특별시 도봉구 창동 601-76번지 ,먹거리방주전부리
영업/정상,서울특별시 도봉구 창동 657-87 ,링링
영업/정상,서울특별시 도봉구 창동 657-97,용만이네의정부부대찌개n볶음
영업/정상,서울특별시 도봉구 창동 254-30 창동그린아파트,홍능참숯불갈비
영업/정상,서울특별시 도봉구 창동 731-59번지 ,메이저푸드
영업/정상,서울특별시 도봉구 창동 825-1 북한산 아이파크 ,챠오밍
영업/정상,서울특별시 도봉구 창동 345-3 ,정원상회
영업/정상,서울특별시 도봉구 창동 557-97 ,419 초밥
영업/정상,서울특별시 도봉구 창동 676-33번지 ,수박생선구이백반
영업/정상,서울특별시 도봉구 창동 333-1 ,철수는 부대찌개 영희는 김치찌개
영업/정상,서울특별시 도봉구 창동 135-28번지 창동 SR스타빌 ,도리뎅뎅
영업/정상,서울특별시 도봉구 창동 700-108 ,스마일닭강정
영업/정상,서울특별시 도봉구 창동 731-66 ,대만오빠
영업/정상,서울특별시 도봉구 창동 731-59번지 ,메이저키친
영업/정상,서울특별시 도봉구 창동 5-1 KING 프라자 ,달술밤
영업/정상,서울특별시 도봉구 창동 568-3번지 ,오늘도
영업/정상,서울특별시 도봉구 창동 5 창동다모아빌딩 ,두바이커피
영업/정상,서울특별시 도봉구 창동 5 창동다모아빌딩 ,NEW창동화로숯불구이
영업/정상,서울특별시 도봉구 창동 657-88번지 ,무궁화로스터즈
영업/정상,서울특별시 도봉구 창동 655-20 흥일빌딩 ,길동우동 쌍문역점
영업/정상,서울특별시 도봉구 창동 254-36 ,아아수혈 창동점
영업/정상,서울특별시 도봉구 창동 13번지 ,꽈백최선생
영업/정상,서울특별시 도봉구 창동 134-2번지 ,돼지네삼겹살
영업/정상,서울특별시 도봉구 창동 12-3 ,더 쌍화 커피
영업/정상,서울특별시 도봉구 창동 674-31 ,88켄터키치킨 쌍문역점
영업/정상,서울특별시 도봉구 창동 135-15 ,점순이하우스
영업/정상,서울특별시 도봉구 창동 731-60 M&W빌딩 ,샐럽핏(saluv.fit)
영업/정상,서울특별시 도봉구 창동 543-9 ,대흥집
영업/정상,서울특별시 도봉구 창동 609-75 대명빌라 ,민셰프
영업/정상,서울특별시 도봉구 창동 3-3 ,홍콩반점창동역점
영업/정상,서울특별시 도봉구 창동 263-8 ,미스터부엌
영업/정상,서울특별시 도봉구 창동 135-14 ,2번출구호프
영업/정상,서울특별시 도봉구 창동 630-10 창동 북한산드림시티 2차 ,카페 엉클
영업/정상,서울특별시 도봉구 창동 484-19 ,또래오래 창동점
영업/정상,서울특별시 도봉구 창동 582-60 ,최고의오리
영업/정상,서울특별시 도봉구 창동 562-25 ,주야별식
영업/정상,서울특별시 도봉구 창동 581-20 ,나이브커피
영업/정상,서울특별시 도봉구 창동 657-49 ,카페라무이
영업/정상,서울특별시 도봉구 창동 657-43 ,패멩(fait main)
영업/정상,서울특별시 도봉구 창동 559-5 ,태양유통
영업/정상,서울특별시 도봉구 창동 601-75,비비큐 창동행복점
영업/정상,서울특별시 도봉구 창동 603-8 ,프레시키친앤그로서리
영업/정상,서울특별시 도봉구 창동 635-2 ,히히베이크
영업/정상,서울특별시 도봉구 창동 3-4 ,리얼파스타 창동점
영업/정상,서울특별시 도봉구 창동 455-10 ,한잔해
영업/정상,서울특별시 도봉구 창동 657-139 ,쌍문육회
영업/정상,서울특별시 도봉구 창동 585-11 한원힐트리움 골든캐슬 ,명가족발보쌈
영업/정상,서울특별시 도봉구 창동 254-24 ,창동회센타
영업/정상,서울특별시 도봉구 창동 338 신원리베르텔 ,뜸들이다 창동점
영업/정상,서울특별시 도봉구 창동 135-14 ,방가네회도매시장
영업/정상,서울특별시 도봉구 창동 569-12 ,오닭꼬치
영업/정상,서울특별시 도봉구 창동 307-2 창동1단지주공아파트 ,진구곱창창동점
영업/정상,서울특별시 도봉구 창동 134-2 ,샹츠마라 창동점
영업/정상,서울특별시 도봉구 창동 263-33 ,엉클두
영업/정상,서울특별시 도봉구 창동 808 동아청솔아파트 지하층 제8호 ,국민낙곱새창동점
영업/정상,서울특별시 도봉구 창동 657-87 ,정식
영업/정상,서울특별시 도봉구 창동 263-7 1층 왼쪽호 ,소담버거 (바이트버거)
영업/정상,서울특별시 도봉구 창동 467-6 ,후니후니
영업/정상,서울특별시 도봉구 창동 715-3 미소애아파트 ,도미노피자 쌍문점
영업/정상,서울특별시 도봉구 창동 557-5 ,수리술술
영업/정상,서울특별시 도봉구 창동 3-4 ,통나무집가정식뷔페
영업/정상,서울특별시 도봉구 창동 743-24 ,88흑염소&착한낙지
영업/정상,서울특별시 도봉구 창동 562-3 ,1%활어&숙성회
영업/정상,서울특별시 도봉구 창동 743-24,(주) 에이텍푸드
영업/정상,서울특별시 도봉구 창동 667-22 아리따움 ,정션
영업/정상,서울특별시 도봉구 창동 607-47,스윗스마일
영업/정상,서울특별시 도봉구 창동 700-72 리솜하우스 ,굽네치킨(창5동점)
영업/정상,서울특별시 도봉구 창동 347-4 주공3단지아파트 ,코리엔탈깻잎두마리치킨&모락로제떡볶이
영업/정상,서울특별시 도봉구 창동 700-33 ,망향비빔국수
영업/정상,서울특별시 도봉구 창동 299 상아1차아파트 ,한끼어때
영업/정상,서울특별시 도봉구 창동 581-27 ,여수 반건조 생선구이(생선가시)
영업/정상,서울특별시 도봉구 창동 569-124 ,죠스떡볶이 신창시장점
영업/정상,서울특별시 도봉구 창동 135-28 창동 SR스타빌 1층 109호 ,주인포차
영업/정상,서울특별시 도봉구 창동 13 1층 102호,창동양곱창
영업/정상,서울특별시 도봉구 창동 562-35 ,윤가네 집밥
영업/정상,서울특별시 도봉구 창동 380-1 주공4단지아파트 ,천호용궁알탕도봉노원점
영업/정상,서울특별시 도봉구 창동 557-97 ,프랭크버거 신창점
영업/정상,서울특별시 도봉구 창동 552-8 1층 우측 ,신창분식
영업/정상,서울특별시 도봉구 창동 659-28 지하 1층 ,희정 커피호프
영업/정상,서울특별시 도봉구 창동 455-1 ,30년 불멸의 닭발
영업/정상,서울특별시 도봉구 창동 676-5 ,샘터카페
영업/정상,서울특별시 도봉구 창동 333-2 한성빌딩 ,라쿵푸 마라탕 창동점
영업/정상,서울특별시 도봉구 창동 296-1 타임프라자 ,1974 달밤
영업/정상,서울특별시 도봉구 창동 823 창동금호어울림아파트 ,만원닭발
영업/정상,서울특별시 도봉구 창동 562-15 ,동근이 숯불 두마리치킨 창동점
영업/정상,서울특별시 도봉구 창동 27-3 주공아파트 19단지 종합상가 204호,광진식당
영업/정상,서울특별시 도봉구 창동 12-1,장꾸모
영업/정상,서울특별시 도봉구 창동 715-3 미소애아파트 ,긴자료코 창동점
영업/정상,서울특별시 도봉구 창동 621-8 삼성그린빌 ,국수&돈까스
영업/정상,서울특별시 도봉구 창동 252 동아빌라 ,고래맥주창고 창동점
영업/정상,서울특별시 도봉구 창동 667-117 ,캇테
영업/정상,서울특별시 도봉구 창동 552-61 ,빽곱창
영업/정상,서울특별시 도봉구 창동 578-68 ,두마리찜닭 두찜 도봉창동점
영업/정상,서울특별시 도봉구 창동 562-15 ,창동 할머니토스트
영업/정상,서울특별시 도봉구 창동 557-6 ,별난솥뚜껑 김치삼겹살
영업/정상,서울특별시 도봉구 창동 657-113 ,세종라멘
영업/정상,서울특별시 도봉구 창동 808 동아청솔아파트 ,죽도령도봉창동점
영업/정상,서울특별시 도봉구 창동 657-123 남양캐슬 ,카페 부기
영업/정상,서울특별시 도봉구 창동 715-3 미소애아파트 ,해등로139
영업/정상,서울특별시 도봉구 창동 826 북한산한신휴플러스아파트,오사카데스 서울창동점
영업/정상,서울특별시 도봉구 창동 607-37 ,마치커피
영업/정상,서울특별시 도봉구 창동 661-55 스마트트라움 ,푸라닭 창2동점
영업/정상,서울특별시 도봉구 창동 657-152 태원빌딩,돈까스짱 쌍문역점
영업/정상,서울특별시 도봉구 창동 5-1 KING 프라자 ,ZINO PIZZA
영업/정상,서울특별시 도봉구 창동 667-117 ,완니
영업/정상,서울특별시 도봉구 창동 16 ,보스턴777
영업/정상,서울특별시 도봉구 창동 135-28 창동 SR스타빌 ,박영희 왕만두 전문점
영업/정상,서울특별시 도봉구 창동 6 ,오늘통닭 창동점
영업/정상,서울특별시 도봉구 창동 651-77 ,합리화
영업/정상,서울특별시 도봉구 창동 27-3 주공아파트 ,도봉푸드
영업/정상,서울특별시 도봉구 창동 424-3 하나타운하우스 ,카페 녹천
영업/정상,서울특별시 도봉구 창동 582-8 ,최이순 홍어무침
영업/정상,서울특별시 도봉구 창동 333-1 ,골목깡통집
영업/정상,서울특별시 도봉구 창동 578-158 ,청춘 회 어시장
영업/정상,서울특별시 도봉구 창동 731-55 ,정담초밥
영업/정상,서울특별시 도봉구 창동 296-1 타임프라자 ,인생맥주
영업/정상,서울특별시 도봉구 창동 33-3 ,초이김밥
영업/정상,서울특별시 도봉구 창동 291-51 ,어로어
영업/정상,서울특별시 도봉구 창동 562-4 ,주장
영업/정상,서울특별시 도봉구 창동 623-40 ,수하리김치찌개 창동대우점
영업/정상,서울특별시 도봉구 창동 661-3 ,인사노
영업/정상,서울특별시 도봉구 창동 601-25 ,빨래골 윤수산
영업/정상,서울특별시 도봉구 창동 455-1 ,두번먹는명인김치찜
영업/정상,서울특별시 도봉구 창동 651-54 스타빌,비에이치씨치킨 쌍문역점
영업/정상,서울특별시 도봉구 창동 537-10 ,레드문 뷰티
영업/정상,서울특별시 도봉구 창동 27-3 주공아파트 ,짜글이 생선김치찜 잘하는집
영업/정상,서울특별시 도봉구 창동 582-60 ,치킨더하기
영업/정상,서울특별시 도봉구 창동 746-53 창동창고시설 ,창동전주식당
영업/정상,서울특별시 도봉구 창동 569-71 ,꼬수비와 빠사기
영업/정상,서울특별시 도봉구 창동 601-2 ,정원가 수제숯불갈비
영업/정상,서울특별시 도봉구 창동 254-24 ,비트윈
영업/정상,서울특별시 도봉구 창동 254-24 ,경성제육 창동점
영업/정상,서울특별시 도봉구 창동 254-24 ,국물에 빠진 두루치기 창동점
영업/정상,서울특별시 도봉구 창동 254-24 ,국밥도감 창동점
영업/정상,서울특별시 도봉구 창동 254-24 ,알쭈 창동점
영업/정상,서울특별시 도봉구 창동 504-2 ,골목집
영업/정상,서울특별시 도봉구 창동 333-1 ,포메인 창동역점
영업/정상,서울특별시 도봉구 창동 5 창동다모아빌딩 ,허선생네 반학년 건조반 생선들
영업/정상,서울특별시 도봉구 창동 553-3 ,가마치통닭 신창시장점
영업/정상,서울특별시 도봉구 창동 3-3,안녕하새우 창동북부점
영업/정상,서울특별시 도봉구 창동 8-1 ,당고개숯불닭갈비
영업/정상,서울특별시 도봉구 창동 557-56 ,현방오백소갈비살 창동점
영업/정상,서울특별시 도봉구 창동 659-1 ,미들리
영업/정상,서울특별시 도봉구 창동 569-78 ,신가네 돌솥비빔밥 전문점
영업/정상,서울특별시 도봉구 창동 557-102 엠마오빌딩 ,장춘칼국수
영업/정상,서울특별시 도봉구 창동 256-3 기원빌딩 ,용용 타코야끼
영업/정상,서울특별시 도봉구 창동 455-1 ,삼호령 고기듬뿍 김치찜
영업/정상,서울특별시 도봉구 창동 455-1 ,삼호령 닭발
영업/정상,서울특별시 도봉구 창동 1-28 씨드큐브 창동 201-5호,도담
영업/정상,서울특별시 도봉구 창동 1-28 씨드큐브 창동 201-6호,붉은떡 오색밥
영업/정상,서울특별시 도봉구 창동 254-24 ,꽃피는 곱도리탕 창동점
영업/정상,서울특별시 도봉구 창동 254-24 ,후암동 고기집 창동점
영업/정상,서울특별시 도봉구 창동 1-28 씨드큐브 창동 ,창동백반
영업/정상,서울특별시 도봉구 창동 338 신원리베르텔 ,배씨상회 창동점
영업/정상,서울특별시 도봉구 창동 492-34 ,황금 부대찌개
영업/정상,서울특별시 도봉구 창동 743-23 창동역 블루핀 2동 102호,우시라멘
영업/정상,서울특별시 도봉구 창동 715-3 미소애아파트 1층 107호,미분당
영업/정상,서울특별시 도봉구 창동 667-5 ,카페 애쉬
영업/정상,서울특별시 도봉구 창동 578-135 ,신창동 닭발이 좋아
영업/정상,서울특별시 도봉구 창동 667-38 1층 ,장단(長短)
영업/정상,서울특별시 도봉구 창동 658-61 ,아카리
영업/정상,서울특별시 도봉구 창동 1-28 씨드큐브 창동 ,거궁 창동점
영업/정상,서울특별시 도봉구 창동 749-16 한독패밀리타운 ,노모어피자 창동점
영업/정상,서울특별시 도봉구 창동 6 ,마라하오 창동점
영업/정상,서울특별시 도봉구 창동 380-1 주공4단지아파트 ,얼큰국밥 간큰순대 이맛에 반하다
영업/정상,서울특별시 도봉구 창동 1-28 씨드큐브 창동 ,청담동샤브 씨드큐브창동점
영업/정상,서울특별시 도봉구 창동 254-24 ,김이장 김치찌개&갈비찜 노원점
영업/정상,서울특별시 도봉구 창동 659-32 ,팡이네 분식
영업/정상,서울특별시 도봉구 창동 1-28 씨드큐브 창동 ,KFC 창동역점
영업/정상,서울특별시 도봉구 창동 557-84 ,햇빛중국식품
영업/정상,서울특별시 도봉구 창동 608-71 ,쌍문동 닭한마리
영업/정상,서울특별시 도봉구 창동 1-28 씨드큐브 창동 ,오스시
영업/정상,서울특별시 도봉구 창동 1-28 씨드큐브 창동,㈜유엑스플러스푸드
영업/정상,서울특별시 도봉구 창동 657-142 ,오봉집 쌍문점
영업/정상,서울특별시 도봉구 창동 581-12 ,좋은날 호프
영업/정상,서울특별시 도봉구 창동 6-1 ,양매력
영업/정상,서울특별시 도봉구 창동 455-1 ,팔분 갈비찜
영업/정상,서울특별시 도봉구 창동 568-4 ,쭈꾸네 꿀삼겹
영업/정상,서울특별시 도봉구 창동 609-165 ,호박가든
영업/정상,서울특별시 도봉구 창동 26 동아아파트 ,긱(GiG)
영업/정상,서울특별시 도봉구 창동 609-57 ,빨간모자 피자 창동점
영업/정상,서울특별시 도봉구 창동 581-47 ,신창 칼국수
영업/정상,서울특별시 도봉구 창동 9-1 ,창동 꿀돼지
영업/정상,서울특별시 도봉구 창동 10 1층 107호,짠한집
영업/정상,서울특별시 도봉구 창동 286-24 ,삼형제 김밥(창동점)
영업/정상,서울특별시 도봉구 창동 743-23 창동역 블루핀 2동 105호,창동153초밥
영업/정상,서울특별시 도봉구 창동 3-4 ,박보영김밥
영업/정상,서울특별시 도봉구 창동 13-2 EQ빌딩,역전우동0410 창동역점
영업/정상,서울특별시 도봉구 창동 291-1 ,콩디망
영업/정상,서울특별시 도봉구 창동 553-6 1층,고향순대국감자탕
영업/정상,서울특별시 도봉구 창동 1-28 씨드큐브 창동 ,써브웨이 창동역점
영업/정상,서울특별시 도봉구 창동 555-1 1층 ,치킨42.195(창동점)
영업/정상,서울특별시 도봉구 창동 743-23 창동역 블루핀 2동 1층 103호,꼬꼬옛날통닭
영업/정상,서울특별시 도봉구 창동 715-1 1층 ,고기싸롱(도봉보건소사거리점)
영업/정상,서울특별시 도봉구 창동 338 신원리베르텔 2층 201호,티하우스 다茶드림
영업/정상,서울특별시 도봉구 창동 731-53,싸와디키친
영업/정상,서울특별시 도봉구 창동 749-16 한독패밀리타운 ,길동우동 창동아이파크점
영업/정상,서울특별시 도봉구 창동 135-19 1층 ,브리즈커피
영업/정상,서울특별시 도봉구 창동 552-21 1층 ,전주명가
영업/정상,서울특별시 도봉구 창동 808 동아청솔아파트 ,샐러바웃 샐러드&포케&그릭요거트 서울창동점
영업/정상,서울특별시 도봉구 창동 443-13 ,경우가
영업/정상,서울특별시 도봉구 창동 826 북한산한신휴플러스아파트 1층 104동 111호,명인곱도리탕
영업/정상,서울특별시 도봉구 창동 6 ,제니로제 떡볶이
영업/정상,서울특별시 도봉구 창동 1-28 씨드큐브 창동,송추가마골 창동지점
영업/정상,서울특별시 도봉구 창동 16 ,미성각
영업/정상,서울특별시 도봉구 창동 341 동진빌리지 상가102동 103호,호미스피자 도봉구점
영업/정상,서울특별시 도봉구 창동 135-28 창동 SR스타빌 1층 101호,맛나네
영업/정상,서울특별시 도봉구 창동 651-77 1층 ,차슈라슈
영업/정상,서울특별시 도봉구 창동 337-2 창동우정빌딩,숯불구이?샤브전문점 기와
영업/정상,서울특별시 도봉구 창동 256-1 ,창동 바베큐통닭
영업/정상,서울특별시 도봉구 창동 661-3 ,무무
영업/정상,서울특별시 도봉구 창동 1-28 씨드큐브 창동,애슐리퀸즈 창동씨드큐브점
영업/정상,서울특별시 도봉구 창동 455-1 ,김치찜
영업/정상,서울특별시 도봉구 창동 1-10 농협창동유통센타 ,협동조합 함께밥상
영업/정상,서울특별시 도봉구 창동 518-40 102호,우타로바
영업/정상,서울특별시 도봉구 창동 501-11 ,느린다과
영업/정상,서울특별시 도봉구 창동 3-3 1층 104호,수유리닭집 창동역점
영업/정상,서울특별시 도봉구 창동 518-40 1층 ,파스타 포차 남자
영업/정상,서울특별시 도봉구 창동 630-15 정우빌딩 1층 가동 ,풍년한방삼계탕옻오리
영업/정상,서울특별시 도봉구 창동 552-37 연세빌딩 1층 ,왕짬뽕
영업/정상,서울특별시 도봉구 창동 655-5 1층 ,꼬꼬옛날통닭
영업/정상,서울특별시 도봉구 창동 296-1 타임프라자 ,삼키로(3㎞)
영업/정상,서울특별시 도봉구 창동 731-102 1층 ,귀한족발 쌍문점
영업/정상,서울특별시 도봉구 창동 659-29 삼성쉐르빌퍼스티 1층 103호일부 ,전설의 왕만두(쌍문점)
영업/정상,서울특별시 도봉구 창동 8-1 ,앨리스
영업/정상,서울특별시 도봉구 창동 647-1 북한산현대홈시티 201동 102호,이도보쌈
영업/정상,서울특별시 도봉구 창동 624-1 북한산현대홈시티 ,해바라기
영업/정상,서울특별시 도봉구 창동 715-8 ,회프로
영업/정상,서울특별시 도봉구 창동 715-3 미소애아파트 ,샌드위치날에&트리킹즈커피 창동점
영업/정상,서울특별시 도봉구 창동 296-6 1층 일부 ,삼겹포차
영업/정상,서울특별시 도봉구 창동 8-1 1층 107호 ,밀향기 국시점
영업/정상,서울특별시 도봉구 창동 1-28 씨드큐브 창동,양촌리돈가스
영업/정상,서울특별시 도봉구 창동 650-58 ,셀프수산
영업/정상,서울특별시 도봉구 창동 743-28 창동역 블루핀 1동 ,정이가김밥
영업/정상,서울특별시 도봉구 창동 568-6 ,콴(Quan)
영업/정상,서울특별시 도봉구 창동 655-21 안강프라자 ,마선생마약국밥 서울쌍문역점
영업/정상,서울특별시 도봉구 창동 805 동아그린아파트 상가동 103호 ,북촌통닭
영업/정상,서울특별시 도봉구 창동 700-36 하버드학원 ,육미제당창동점
영업/정상,서울특별시 도봉구 창동 503-3 ,88족발
영업/정상,서울특별시 도봉구 창동 6 ,청담주막
영업/정상,서울특별시 도봉구 창동 562-6,타코형와플누나
영업/정상,서울특별시 도봉구 창동 664-4 ,맑음이네
영업/정상,서울특별시 도봉구 창동 134-33 ,흑산도
영업/정상,"서울특별시 도봉구 창동 5 창동다모아빌딩 지하1층, 2호 ",풍년
영업/정상,"서울특별시 도봉구 창동 333 제1층 101, 102호 ",용두할매쭈꾸미
영업/정상,서울특별시 도봉구 창동 655-11 1층 우측 ,가미튀김
영업/정상,서울특별시 도봉구 창동 805 동아그린아파트 ,털보네 떡꼬치
영업/정상,서울특별시 도봉구 창동 805 동아그린아파트 ,한가득 부대찌개
영업/정상,서울특별시 도봉구 창동 557-6 ,옥이닭발
영업/정상,서울특별시 도봉구 창동 9-1 ,최순옥명품국밥 창동점
영업/정상,"서울특별시 도봉구 창동 731-19 103,104호",갯마을 심心조개
영업/정상,서울특별시 도봉구 창동 500,심마니와 토종닭
영업/정상,서울특별시 도봉구 창동 12-3 지하 1층 ,큰집 한식뷔페
영업/정상,서울특별시 도봉구 창동 554-1 ,노가리앤비어
영업/정상,서울특별시 도봉구 창동 518-7,가마치통닭 신화초점
영업/정상,서울특별시 도봉구 창동 500-6 ,삼강포차
영업/정상,서울특별시 도봉구 창동 731-36 ,할배골
영업/정상,서울특별시 도봉구 창동 562-1 ,이모 즉석떡볶이
영업/정상,서울특별시 도봉구 창동 1-28 씨드큐브 창동 ,순대실록 씨드큐브창동점
영업/정상,서울특별시 도봉구 창동 1-10 농협창동유통센타 ,라라플로아 창동하나로마트점
영업/정상,서울특별시 도봉구 창동 552-44 ,대박식당
영업/정상,서울특별시 도봉구 창동 1-10 농협창동유통센타 ,포트캔커피 창동하나로마트점
영업/정상,서울특별시 도봉구 창동 474-68 ,큭큭피자 강북직영점
영업/정상,서울특별시 도봉구 창동 134-36 우림빌딩 ,송도만두 창동역점
영업/정상,서울특별시 도봉구 창동 655-21 안강프라자 ,쌍문 한우
영업/정상,서울특별시 도봉구 창동 1-10 농협창동유통센타 ,화목 칼국수
영업/정상,서울특별시 도봉구 창동 286-6 ,도봉탄
영업/정상,서울특별시 도봉구 창동 659-32 ,불타는 볶음밥
영업/정상,서울특별시 도봉구 창동 578-146 ,수유리우동집신창시장점
영업/정상,서울특별시 도봉구 창동 651-48 ,원더베이글하우스
영업/정상,서울특별시 도봉구 창동 135-28 창동 SR스타빌 ,마장동숯불구이
영업/정상,서울특별시 도봉구 창동 624-34 ,순살로31 쌍문점
영업/정상,서울특별시 도봉구 창동 664-44 ,신선NF
영업/정상,서울특별시 도봉구 창동 807 쌍용아파트,마라톤
영업/정상,서울특별시 도봉구 창동 256-1 ,정가네두부
영업/정상,서울특별시 도봉구 창동 10,춘천골닭갈비
영업/정상,서울특별시 도봉구 창동 254-25,씨에이치제이
영업/정상,서울특별시 도봉구 창동 502-26,정원식당
영업/정상,서울특별시 도봉구 창동 750-2 창동리더스빌딩,짬뽕선수
영업/정상,서울특별시 도봉구 창동 750-2 창동리더스빌딩,행복돈까스
영업/정상,서울특별시 도봉구 창동 518-3,크레이지빙수X오늘도김볶만 강북점
영업/정상,서울특별시 도봉구 창동 585-12,신창시장족발
영업/정상,서울특별시 도봉구 창동 540-10,상하이
영업/정상,서울특별시 도봉구 창동 601-26,오육탄
영업/정상,서울특별시 도봉구 창동 27-3 주공아파트,창동참치
영업/정상,서울특별시 도봉구 창동 731-1 에이치큐브병원,담가화로구이 창동점
영업/정상,서울특별시 도봉구 창동 560-36,도니도니갈비튀김
영업/정상,서울특별시 도봉구 창동 75-13,싸다김밥 창동역점
영업/정상,서울특별시 도봉구 창동 307-2 창동1단지주공아파트,외계인피자 창동직영점
영업/정상,서울특별시 도봉구 창동 6-1,왕초바베큐 창동점
영업/정상,서울특별시 도봉구 창동 135-11,미담푸드
영업/정상,서울특별시 도봉구 창동 659-29 삼성쉐르빌퍼스티,모던 라이프
영업/정상,서울특별시 도봉구 창동 569-11,카페찬(cafe chan)
영업/정상,서울특별시 도봉구 창동 1-10 농협창동유통센타,장보고설렁탕 국제식당
영업/정상,서울특별시 도봉구 창동 731-102,도야짬뽕 창동점
영업/정상,서울특별시 도봉구 창동 823 창동금호어울림아파트,짱구네떡볶이 창동점
영업/정상,서울특별시 도봉구 창동 658-1,썬더치킨 쌍문점
영업/정상,서울특별시 도봉구 창동 219-5,싹쓰리
영업/정상,서울특별시 도봉구 창동 27-3 주공아파트,창동푸드
영업/정상,서울특별시 도봉구 창동 3-3,불볶이와튀김범벅
영업/정상,서울특별시 도봉구 창동 552-19,우이사계
영업/정상,서울특별시 도봉구 창동 657-126,마루숯불치킨바베큐
영업/정상,서울특별시 도봉구 창동 135-14,창동포크 왕소금구이
영업/정상,서울특별시 도봉구 창동 667-106 북한산팰리스,육회대첩 노원점
영업/정상,서울특별시 도봉구 창동 38-1 주공아파트,커피퐁당
영업/정상,서울특별시 도봉구 창동 338 신원리베르텔,OG버거 창동역점
영업/정상,서울특별시 도봉구 창동 826 북한산한신휴플러스아파트,창동골뱅이
영업/정상,서울특별시 도봉구 창동 582-49,추억의철가방
영업/정상,서울특별시 도봉구 창동 13-3,육전국밥 창동역점
영업/정상,서울특별시 도봉구 창동 338 신원리베르텔,맛닭꼬 창동역점
영업/정상,서울특별시 도봉구 창동 658-3,매향
영업/정상,서울특별시 도봉구 창동 333-2 한성빌딩,가마로강정 창동역점
영업/정상,서울특별시 도봉구 창동 3-3,가배미혼
영업/정상,서울특별시 도봉구 창동 3-3,딥 코브(DEEP COVE)
